-- phpMyAdmin SQL Dump
-- version 5.0.4deb2+deb11u1
-- https://www.phpmyadmin.net/
--
-- Host: localhost
-- Tempo de geração: 07-Mar-2025 às 16:34
-- Versão do servidor: 8.0.37
-- versão do PHP: 7.4.33

SET SQL_MODE = "NO_AUTO_VALUE_ON_ZERO";
START TRANSACTION;
SET time_zone = "+00:00";


/*!40101 SET @OLD_CHARACTER_SET_CLIENT=@@CHARACTER_SET_CLIENT */;
/*!40101 SET @OLD_CHARACTER_SET_RESULTS=@@CHARACTER_SET_RESULTS */;
/*!40101 SET @OLD_COLLATION_CONNECTION=@@COLLATION_CONNECTION */;
/*!40101 SET NAMES utf8mb4 */;

--
-- Banco de dados: `nct_fixo`
--

-- --------------------------------------------------------

--
-- Estrutura da tabela `phone_numbers`
--

CREATE TABLE `phone_numbers` (
  `id` int NOT NULL,
  `number` varchar(20) NOT NULL,
  `user_id` int DEFAULT NULL,
  `sub_client_id` int DEFAULT NULL,
  `created_at` timestamp NULL DEFAULT CURRENT_TIMESTAMP,
  `updated_at` timestamp NULL DEFAULT CURRENT_TIMESTAMP ON UPDATE CURRENT_TIMESTAMP
) ENGINE=InnoDB DEFAULT CHARSET=utf8mb4 COLLATE=utf8mb4_0900_ai_ci;

--
-- Extraindo dados da tabela `phone_numbers`
--

INSERT INTO `phone_numbers` (`id`, `number`, `user_id`, `sub_client_id`, `created_at`, `updated_at`) VALUES
(1, '1151972777', 6, NULL, '2025-03-07 19:29:15', '2025-03-07 19:29:15'),
(2, '1151972786', 7, NULL, '2025-03-07 19:29:15', '2025-03-07 19:29:15'),
(3, '1151972788', 8, NULL, '2025-03-07 19:29:15', '2025-03-07 19:29:15'),
(4, '1151972789', 9, NULL, '2025-03-07 19:29:15', '2025-03-07 19:29:15'),
(5, '1151972791', 10, NULL, '2025-03-07 19:29:15', '2025-03-07 19:29:15'),
(6, '1151972793', 11, NULL, '2025-03-07 19:29:15', '2025-03-07 19:29:15'),
(7, '1151972794', 12, NULL, '2025-03-07 19:29:15', '2025-03-07 19:29:15'),
(8, '1151972795', 13, NULL, '2025-03-07 19:29:15', '2025-03-07 19:29:15'),
(9, '1151972798', 2, 1, '2025-03-07 19:29:15', '2025-03-07 19:29:15'),
(10, '1151972799', 14, NULL, '2025-03-07 19:29:15', '2025-03-07 19:29:15'),
(11, '1151972802', 15, NULL, '2025-03-07 19:29:15', '2025-03-07 19:29:15'),
(12, '1151972803', 16, NULL, '2025-03-07 19:29:15', '2025-03-07 19:29:15'),
(13, '1151972804', 17, NULL, '2025-03-07 19:29:15', '2025-03-07 19:29:15'),
(14, '1151972805', 18, NULL, '2025-03-07 19:29:15', '2025-03-07 19:29:15'),
(15, '1151972806', 19, NULL, '2025-03-07 19:29:15', '2025-03-07 19:29:15'),
(16, '1151972808', 20, NULL, '2025-03-07 19:29:15', '2025-03-07 19:29:15'),
(17, '1151972809', 2, 2, '2025-03-07 19:29:15', '2025-03-07 19:29:15'),
(18, '1151972810', 21, NULL, '2025-03-07 19:29:15', '2025-03-07 19:29:15'),
(19, '1151972811', 22, NULL, '2025-03-07 19:29:15', '2025-03-07 19:29:15'),
(20, '1151972812', 3, 3, '2025-03-07 19:29:15', '2025-03-07 19:29:15'),
(21, '1151972813', 4, 4, '2025-03-07 19:29:15', '2025-03-07 19:29:15'),
(22, '1151972814', 23, NULL, '2025-03-07 19:29:15', '2025-03-07 19:29:15'),
(23, '1151972816', 24, NULL, '2025-03-07 19:29:15', '2025-03-07 19:29:15'),
(24, '1151972817', 25, NULL, '2025-03-07 19:29:15', '2025-03-07 19:29:15'),
(25, '1151972818', 4, 5, '2025-03-07 19:29:15', '2025-03-07 19:29:15'),
(26, '1151972819', 26, NULL, '2025-03-07 19:29:15', '2025-03-07 19:29:15'),
(27, '1151972820', 27, NULL, '2025-03-07 19:29:15', '2025-03-07 19:29:15'),
(28, '1151972822', 3, 6, '2025-03-07 19:29:15', '2025-03-07 19:29:15'),
(29, '1151972823', 28, NULL, '2025-03-07 19:29:15', '2025-03-07 19:29:15'),
(30, '1151972824', 28, NULL, '2025-03-07 19:29:15', '2025-03-07 19:29:15'),
(31, '1151972825', 29, NULL, '2025-03-07 19:29:15', '2025-03-07 19:29:15'),
(32, '1151972826', 30, NULL, '2025-03-07 19:29:15', '2025-03-07 19:29:15'),
(33, '1151972830', 31, NULL, '2025-03-07 19:29:15', '2025-03-07 19:29:15'),
(34, '1151972831', 32, NULL, '2025-03-07 19:29:15', '2025-03-07 19:29:15'),
(35, '1151972832', 33, NULL, '2025-03-07 19:29:15', '2025-03-07 19:29:15'),
(36, '1151972833', 34, NULL, '2025-03-07 19:29:15', '2025-03-07 19:29:15'),
(37, '1147449039', 35, NULL, '2025-03-07 19:29:15', '2025-03-07 19:29:15'),
(38, '1151972834', 3, 7, '2025-03-07 19:29:15', '2025-03-07 19:29:15'),
(39, '1151972835', 36, NULL, '2025-03-07 19:29:15', '2025-03-07 19:29:15'),
(40, '1151972836', 37, NULL, '2025-03-07 19:29:15', '2025-03-07 19:29:15'),
(41, '1151972837', 3, 8, '2025-03-07 19:29:15', '2025-03-07 19:29:15'),
(42, '1151972838', 1, 9, '2025-03-07 19:29:15', '2025-03-07 19:29:15'),
(43, '1151972839', 2, 10, '2025-03-07 19:29:15', '2025-03-07 19:29:15'),
(44, '1151972840', 1, 11, '2025-03-07 19:29:15', '2025-03-07 19:29:15'),
(45, '1151972841', 38, NULL, '2025-03-07 19:29:15', '2025-03-07 19:29:15'),
(46, '1151972842', 2, 12, '2025-03-07 19:29:15', '2025-03-07 19:29:15'),
(47, '1151972843', 3, 13, '2025-03-07 19:29:15', '2025-03-07 19:29:15'),
(48, '1151972844', 39, NULL, '2025-03-07 19:29:15', '2025-03-07 19:29:15'),
(49, '1151972845', 39, NULL, '2025-03-07 19:29:15', '2025-03-07 19:29:15'),
(50, '1151972846', 40, NULL, '2025-03-07 19:29:15', '2025-03-07 19:29:15'),
(51, '1151972847', 41, NULL, '2025-03-07 19:29:15', '2025-03-07 19:29:15'),
(52, '1151972850', 42, NULL, '2025-03-07 19:29:15', '2025-03-07 19:29:15'),
(53, '1151972851', 2, 14, '2025-03-07 19:29:15', '2025-03-07 19:29:15'),
(54, '1151972852', 4, 15, '2025-03-07 19:29:15', '2025-03-07 19:29:15'),
(55, '1151972853', 4, 16, '2025-03-07 19:29:15', '2025-03-07 19:29:15'),
(56, '1151972854', 4, 17, '2025-03-07 19:29:15', '2025-03-07 19:29:15'),
(57, '1151972855', 43, NULL, '2025-03-07 19:29:15', '2025-03-07 19:29:15'),
(58, '1151972857', 4, 18, '2025-03-07 19:29:15', '2025-03-07 19:29:15'),
(59, '1151972858', 4, 19, '2025-03-07 19:29:15', '2025-03-07 19:29:15'),
(60, '1151972860', 2, 20, '2025-03-07 19:29:15', '2025-03-07 19:29:15'),
(61, '1151972861', 44, NULL, '2025-03-07 19:29:15', '2025-03-07 19:29:15'),
(62, '1151972862', 45, NULL, '2025-03-07 19:29:15', '2025-03-07 19:29:15'),
(63, '1151972863', 2, 21, '2025-03-07 19:29:15', '2025-03-07 19:29:15'),
(64, '1151972864', 46, NULL, '2025-03-07 19:29:15', '2025-03-07 19:29:15'),
(65, '1151972865', 4, 22, '2025-03-07 19:29:15', '2025-03-07 19:29:15'),
(66, '1151972866', 4, 23, '2025-03-07 19:29:15', '2025-03-07 19:29:15'),
(67, '1151972867', 4, 24, '2025-03-07 19:29:15', '2025-03-07 19:29:15'),
(68, '1151972868', 47, NULL, '2025-03-07 19:29:15', '2025-03-07 19:29:15'),
(69, '1151972869', 4, 25, '2025-03-07 19:29:15', '2025-03-07 19:29:15'),
(70, '1151972870', 4, 26, '2025-03-07 19:29:15', '2025-03-07 19:29:15'),
(71, '1151972871', 2, 27, '2025-03-07 19:29:15', '2025-03-07 19:29:15'),
(72, '1151972872', 2, 28, '2025-03-07 19:29:15', '2025-03-07 19:29:15'),
(73, '1151972875', 2, 29, '2025-03-07 19:29:15', '2025-03-07 19:29:15'),
(74, '1151972876', 48, NULL, '2025-03-07 19:29:15', '2025-03-07 19:29:15'),
(75, '1151972878', 49, NULL, '2025-03-07 19:29:15', '2025-03-07 19:29:15'),
(76, '1151972879', 4, 30, '2025-03-07 19:29:15', '2025-03-07 19:29:15'),
(77, '1151972881', 50, NULL, '2025-03-07 19:29:15', '2025-03-07 19:29:15'),
(78, '1151972882', 51, NULL, '2025-03-07 19:29:15', '2025-03-07 19:29:15'),
(79, '1151972883', 52, NULL, '2025-03-07 19:29:15', '2025-03-07 19:29:15'),
(80, '1151972884', 2, 31, '2025-03-07 19:29:15', '2025-03-07 19:29:15'),
(81, '1151972885', 4, 32, '2025-03-07 19:29:15', '2025-03-07 19:29:15'),
(82, '1151972887', 53, NULL, '2025-03-07 19:29:15', '2025-03-07 19:29:15'),
(83, '1151972888', 54, NULL, '2025-03-07 19:29:15', '2025-03-07 19:29:15'),
(84, '1151972889', 2, 33, '2025-03-07 19:29:15', '2025-03-07 19:29:15'),
(85, '1151972890', 55, NULL, '2025-03-07 19:29:15', '2025-03-07 19:29:15'),
(86, '1151972892', 3, 34, '2025-03-07 19:29:15', '2025-03-07 19:29:15'),
(87, '1147468696', 56, NULL, '2025-03-07 19:29:15', '2025-03-07 19:29:15'),
(88, '1147468113', 4, 35, '2025-03-07 19:29:15', '2025-03-07 19:29:15'),
(89, '1147468169', 57, NULL, '2025-03-07 19:29:15', '2025-03-07 19:29:15'),
(90, '1147515864', 58, NULL, '2025-03-07 19:29:15', '2025-03-07 19:29:15'),
(91, '1147468561', 59, NULL, '2025-03-07 19:29:15', '2025-03-07 19:29:15'),
(92, '1147514791', 3, 36, '2025-03-07 19:29:15', '2025-03-07 19:29:15'),
(93, '1147468562', 4, 37, '2025-03-07 19:29:15', '2025-03-07 19:29:15'),
(94, '1147426725', 3, 38, '2025-03-07 19:29:15', '2025-03-07 19:29:15'),
(95, '1147468542', 3, 39, '2025-03-07 19:29:15', '2025-03-07 19:29:15'),
(96, '1147468615', 60, NULL, '2025-03-07 19:29:15', '2025-03-07 19:29:15'),
(97, '1147468609', 61, NULL, '2025-03-07 19:29:15', '2025-03-07 19:29:15'),
(98, '1147468581', 62, NULL, '2025-03-07 19:29:15', '2025-03-07 19:29:15'),
(99, '1147457303', 4, 40, '2025-03-07 19:29:15', '2025-03-07 19:29:15'),
(100, '1147439359', 63, NULL, '2025-03-07 19:29:15', '2025-03-07 19:29:15'),
(101, '1147468608', 4, 41, '2025-03-07 19:29:15', '2025-03-07 19:29:15'),
(102, '1147439169', 64, NULL, '2025-03-07 19:29:15', '2025-03-07 19:29:15'),
(103, '1147480340', 65, NULL, '2025-03-07 19:29:15', '2025-03-07 19:29:15'),
(104, '1147480172', 66, NULL, '2025-03-07 19:29:15', '2025-03-07 19:29:15'),
(105, '1147480049', 67, NULL, '2025-03-07 19:29:15', '2025-03-07 19:29:15'),
(106, '1147480128', 68, NULL, '2025-03-07 19:29:15', '2025-03-07 19:29:15'),
(107, '1125814258', 3, 42, '2025-03-07 19:29:15', '2025-03-07 19:29:15'),
(108, '1130903662', 69, NULL, '2025-03-07 19:29:15', '2025-03-07 19:29:15'),
(109, '1125623455', 3, 43, '2025-03-07 19:29:15', '2025-03-07 19:29:15'),
(110, '1147511011', 70, NULL, '2025-03-07 19:29:15', '2025-03-07 19:29:15'),
(111, '1147468193', 4, 44, '2025-03-07 19:29:15', '2025-03-07 19:29:15'),
(112, '1151991456', 2, 45, '2025-03-07 19:29:15', '2025-03-07 19:29:15'),
(113, '1151993808', 4, 46, '2025-03-07 19:29:15', '2025-03-07 19:29:15'),
(114, '1151993844', 3, 47, '2025-03-07 19:29:15', '2025-03-07 19:29:15'),
(115, '1120715061', 71, NULL, '2025-03-07 19:29:15', '2025-03-07 19:29:15'),
(116, '1151994335', 4, 48, '2025-03-07 19:29:15', '2025-03-07 19:29:15'),
(117, '1122953175', 72, NULL, '2025-03-07 19:29:15', '2025-03-07 19:29:15'),
(118, '1151994341', 73, NULL, '2025-03-07 19:29:15', '2025-03-07 19:29:15'),
(119, '1147439154', 74, NULL, '2025-03-07 19:29:15', '2025-03-07 19:29:15'),
(120, '1147426425', 75, NULL, '2025-03-07 19:29:15', '2025-03-07 19:29:15'),
(121, '1120528187', 76, NULL, '2025-03-07 19:29:15', '2025-03-07 19:29:15'),
(122, '1147514699', 77, NULL, '2025-03-07 19:29:15', '2025-03-07 19:29:15'),
(123, '1147480504', 11, NULL, '2025-03-07 19:29:15', '2025-03-07 19:29:15'),
(124, '1151994342', 4, 49, '2025-03-07 19:29:15', '2025-03-07 19:29:15'),
(125, '1151994348', 3, 50, '2025-03-07 19:29:15', '2025-03-07 19:29:15'),
(126, '1151994472', 78, NULL, '2025-03-07 19:29:15', '2025-03-07 19:29:15'),
(127, '1151994498', 3, 51, '2025-03-07 19:29:15', '2025-03-07 19:29:15'),
(128, '1151996433', 4, 52, '2025-03-07 19:29:15', '2025-03-07 19:29:15'),
(129, '1151996457', 79, NULL, '2025-03-07 19:29:15', '2025-03-07 19:29:15'),
(130, '1151997638', 3, 53, '2025-03-07 19:29:15', '2025-03-07 19:29:15'),
(131, '1151997831', 2, 54, '2025-03-07 19:29:15', '2025-03-07 19:29:15'),
(132, '1128933318', 2, 55, '2025-03-07 19:29:15', '2025-03-07 19:29:15'),
(133, '1151997835', 4, 56, '2025-03-07 19:29:15', '2025-03-07 19:29:15'),
(134, '1151997855', 3, 57, '2025-03-07 19:29:15', '2025-03-07 19:29:15'),
(135, '1151997858', 80, NULL, '2025-03-07 19:29:15', '2025-03-07 19:29:15'),
(136, '1151997861', 3, 58, '2025-03-07 19:29:15', '2025-03-07 19:29:15'),
(137, '1151998054', 4, 59, '2025-03-07 19:29:15', '2025-03-07 19:29:15'),
(138, '1151998385', 81, NULL, '2025-03-07 19:29:15', '2025-03-07 19:29:15'),
(139, '1151998407', 1, 60, '2025-03-07 19:29:15', '2025-03-07 19:29:15'),
(140, '1151998452', 4, 61, '2025-03-07 19:29:15', '2025-03-07 19:29:15'),
(141, '1151998493', 4, 62, '2025-03-07 19:29:15', '2025-03-07 19:29:15'),
(142, '1151998578', 5, 63, '2025-03-07 19:29:15', '2025-03-07 19:29:15'),
(143, '1151998615', 5, 64, '2025-03-07 19:29:15', '2025-03-07 19:29:15'),
(144, '1151998636', 5, 65, '2025-03-07 19:29:15', '2025-03-07 19:29:15'),
(145, '1151998653', 5, 66, '2025-03-07 19:29:15', '2025-03-07 19:29:15'),
(146, '1151998659', 5, 67, '2025-03-07 19:29:15', '2025-03-07 19:29:15'),
(147, '1151998709', 5, 68, '2025-03-07 19:29:15', '2025-03-07 19:29:15'),
(148, '1151998725', 5, 69, '2025-03-07 19:29:15', '2025-03-07 19:29:15'),
(149, '1151998726', 5, 70, '2025-03-07 19:29:15', '2025-03-07 19:29:15'),
(150, '1151998734', 5, 71, '2025-03-07 19:29:15', '2025-03-07 19:29:15'),
(151, '1151998739', 5, 72, '2025-03-07 19:29:15', '2025-03-07 19:29:15'),
(152, '1151998765', 5, 73, '2025-03-07 19:29:15', '2025-03-07 19:29:15'),
(153, '1151998766', 5, 74, '2025-03-07 19:29:15', '2025-03-07 19:29:15'),
(154, '1151998906', 5, 75, '2025-03-07 19:29:15', '2025-03-07 19:29:15'),
(155, '1151998961', 5, 76, '2025-03-07 19:29:15', '2025-03-07 19:29:15'),
(156, '1151998992', 5, 77, '2025-03-07 19:29:15', '2025-03-07 19:29:15'),
(157, '1151999103', 5, 78, '2025-03-07 19:29:15', '2025-03-07 19:29:15'),
(158, '1151999107', 5, 79, '2025-03-07 19:29:15', '2025-03-07 19:29:15'),
(159, '1151999108', 5, 80, '2025-03-07 19:29:15', '2025-03-07 19:29:15'),
(160, '1151999113', 5, 81, '2025-03-07 19:29:15', '2025-03-07 19:29:15'),
(161, '1151999116', 5, 82, '2025-03-07 19:29:15', '2025-03-07 19:29:15'),
(162, '1151999117', 5, 83, '2025-03-07 19:29:15', '2025-03-07 19:29:15'),
(163, '1151999126', 5, 84, '2025-03-07 19:29:15', '2025-03-07 19:29:15'),
(164, '1151999127', 5, 85, '2025-03-07 19:29:15', '2025-03-07 19:29:15'),
(165, '1151999181', 5, 86, '2025-03-07 19:29:15', '2025-03-07 19:29:15'),
(166, '1151999282', 5, 87, '2025-03-07 19:29:15', '2025-03-07 19:29:15'),
(167, '1151999326', 5, 88, '2025-03-07 19:29:15', '2025-03-07 19:29:15'),
(168, '1151999358', 5, 89, '2025-03-07 19:29:15', '2025-03-07 19:29:15'),
(169, '1151999448', 5, 90, '2025-03-07 19:29:15', '2025-03-07 19:29:15'),
(170, '1151999450', 5, 91, '2025-03-07 19:29:15', '2025-03-07 19:29:15'),
(171, '1151999453', 5, 92, '2025-03-07 19:29:15', '2025-03-07 19:29:15'),
(172, '1151999455', 82, NULL, '2025-03-07 19:29:15', '2025-03-07 19:29:15'),
(173, '1151999458', 83, NULL, '2025-03-07 19:29:15', '2025-03-07 19:29:15'),
(174, '1151999459', 4, 93, '2025-03-07 19:29:15', '2025-03-07 19:29:15'),
(175, '1151999466', 84, NULL, '2025-03-07 19:29:15', '2025-03-07 19:29:15');

-- --------------------------------------------------------

--
-- Estrutura da tabela `sub_clients`
--

CREATE TABLE `sub_clients` (
  `id` int NOT NULL,
  `name` varchar(255) NOT NULL,
  `company_id` int NOT NULL,
  `created_at` timestamp NULL DEFAULT CURRENT_TIMESTAMP,
  `updated_at` timestamp NULL DEFAULT CURRENT_TIMESTAMP ON UPDATE CURRENT_TIMESTAMP
) ENGINE=InnoDB DEFAULT CHARSET=utf8mb4 COLLATE=utf8mb4_0900_ai_ci;

--
-- Extraindo dados da tabela `sub_clients`
--

INSERT INTO `sub_clients` (`id`, `name`, `company_id`, `created_at`, `updated_at`) VALUES
(1, 'Maiza Aparecida Prado dos Santos', 2, '2025-03-07 19:29:15', '2025-03-07 19:29:15'),
(2, 'Claudiana Soares de Souza', 2, '2025-03-07 19:29:15', '2025-03-07 19:29:15'),
(3, 'Maria Marluce lemos do nascimento', 3, '2025-03-07 19:29:15', '2025-03-07 19:29:15'),
(4, 'José Antônio do Nascimento', 4, '2025-03-07 19:29:15', '2025-03-07 19:29:15'),
(5, 'Claudiney Alves da Silva', 4, '2025-03-07 19:29:15', '2025-03-07 19:29:15'),
(6, 'ingrid aparecida duarte guimarães', 3, '2025-03-07 19:29:15', '2025-03-07 19:29:15'),
(7, 'Leandro Feitoza de Carvalho', 3, '2025-03-07 19:29:15', '2025-03-07 19:29:15'),
(8, 'Willians Araújo Barbosa', 3, '2025-03-07 19:29:15', '2025-03-07 19:29:15'),
(9, 'Sebastiana da silva aquino', 1, '2025-03-07 19:29:15', '2025-03-07 19:29:15'),
(10, 'ELIUDE FERREIRA GOMES', 2, '2025-03-07 19:29:15', '2025-03-07 19:29:15'),
(11, 'Meire da Silva Aquino', 1, '2025-03-07 19:29:15', '2025-03-07 19:29:15'),
(12, 'FABRICIA BRANDAO MARQUES', 2, '2025-03-07 19:29:15', '2025-03-07 19:29:15'),
(13, 'Sonia Aparecida da Silva Guimarães', 3, '2025-03-07 19:29:15', '2025-03-07 19:29:15'),
(14, 'EDIMILSON SALES', 2, '2025-03-07 19:29:15', '2025-03-07 19:29:15'),
(15, 'Wagner Casarini', 4, '2025-03-07 19:29:15', '2025-03-07 19:29:15'),
(16, 'Glaucia Brunetto Dantas', 4, '2025-03-07 19:29:15', '2025-03-07 19:29:15'),
(17, 'ELIZEU MARCELINO DOS SANTOS', 4, '2025-03-07 19:29:15', '2025-03-07 19:29:15'),
(18, 'Jessica Oliveira Santos', 4, '2025-03-07 19:29:15', '2025-03-07 19:29:15'),
(19, 'Priscila de Oliveira Aquino', 4, '2025-03-07 19:29:15', '2025-03-07 19:29:15'),
(20, 'Leonardo jesus de oliveira', 2, '2025-03-07 19:29:15', '2025-03-07 19:29:15'),
(21, 'Maria das Graças dos Santos Alfres', 2, '2025-03-07 19:29:15', '2025-03-07 19:29:15'),
(22, 'Maria Eduarda Ferreira da Silva', 4, '2025-03-07 19:29:15', '2025-03-07 19:29:15'),
(23, 'NELSON GONÇALVES DE SOUZA', 4, '2025-03-07 19:29:15', '2025-03-07 19:29:15'),
(24, 'Valdinei de Jesus Santos', 4, '2025-03-07 19:29:15', '2025-03-07 19:29:15'),
(25, 'MAURICIO SEVERO DE SOUZA', 4, '2025-03-07 19:29:15', '2025-03-07 19:29:15'),
(26, 'SEBASTIÃO SANTANA DO ESPIRITO SANTO', 4, '2025-03-07 19:29:15', '2025-03-07 19:29:15'),
(27, 'LIVE CONECT TELECOMUNICACOES', 2, '2025-03-07 19:29:15', '2025-03-07 19:29:15'),
(28, 'LIVE CONECT TELECOMUNICACOES', 2, '2025-03-07 19:29:15', '2025-03-07 19:29:15'),
(29, 'Fabiana Carmo Lira', 2, '2025-03-07 19:29:15', '2025-03-07 19:29:15'),
(30, 'beatriz dos santos veiga', 4, '2025-03-07 19:29:15', '2025-03-07 19:29:15'),
(31, 'Aguinaldo Alves Cordeiro', 2, '2025-03-07 19:29:15', '2025-03-07 19:29:15'),
(32, 'mauricio severo', 4, '2025-03-07 19:29:15', '2025-03-07 19:29:15'),
(33, 'JESSICA RODRIGUES QUINTILIANO', 2, '2025-03-07 19:29:15', '2025-03-07 19:29:15'),
(34, 'telma Maria Ribeiro 2', 3, '2025-03-07 19:29:15', '2025-03-07 19:29:15'),
(35, 'CLEUSA APARECIDA ARAUJO DA SILVA', 4, '2025-03-07 19:29:15', '2025-03-07 19:29:15'),
(36, 'Karina stephanie da silva braz diniz', 3, '2025-03-07 19:29:15', '2025-03-07 19:29:15'),
(37, 'iraci chaves da silva', 4, '2025-03-07 19:29:15', '2025-03-07 19:29:15'),
(38, 'NATHALIA SILVA', 3, '2025-03-07 19:29:15', '2025-03-07 19:29:15'),
(39, 'joelita ferreira nunes', 3, '2025-03-07 19:29:15', '2025-03-07 19:29:15'),
(40, 'Maria Geane santos da Silva', 4, '2025-03-07 19:29:15', '2025-03-07 19:29:15'),
(41, 'Angelina Ferreira Santos Vargas', 4, '2025-03-07 19:29:15', '2025-03-07 19:29:15'),
(42, 'Daniel espinosa da costa', 3, '2025-03-07 19:29:15', '2025-03-07 19:29:15'),
(43, 'Eliane Gomes Alves Diniz', 3, '2025-03-07 19:29:15', '2025-03-07 19:29:15'),
(44, 'Luiz Antonio  Pereira da Conceção', 4, '2025-03-07 19:29:15', '2025-03-07 19:29:15'),
(45, 'Izabel Josefa da Silva', 2, '2025-03-07 19:29:15', '2025-03-07 19:29:15'),
(46, 'Tainá Alves do Nascimento da Silva', 4, '2025-03-07 19:29:15', '2025-03-07 19:29:15'),
(47, 'Telma Maria Ribeiro', 3, '2025-03-07 19:29:15', '2025-03-07 19:29:15'),
(48, 'Francisca olinda da silva', 4, '2025-03-07 19:29:15', '2025-03-07 19:29:15'),
(49, 'Diego Renan Arnez Colque', 4, '2025-03-07 19:29:15', '2025-03-07 19:29:15'),
(50, 'Graziely Salatine de Santana', 3, '2025-03-07 19:29:15', '2025-03-07 19:29:15'),
(51, 'Wallece Clemente Silva', 3, '2025-03-07 19:29:15', '2025-03-07 19:29:15'),
(52, 'Larissa Carolina Salmão Inácio', 4, '2025-03-07 19:29:15', '2025-03-07 19:29:15'),
(53, 'Eloiza da Silva Martins', 3, '2025-03-07 19:29:15', '2025-03-07 19:29:15'),
(54, 'Edival José de Oliveira', 2, '2025-03-07 19:29:15', '2025-03-07 19:29:15'),
(55, 'Alan Caires', 2, '2025-03-07 19:29:15', '2025-03-07 19:29:15'),
(56, 'Aline Cristina da Silva', 4, '2025-03-07 19:29:15', '2025-03-07 19:29:15'),
(57, 'Paulo augusto feliciano', 3, '2025-03-07 19:29:15', '2025-03-07 19:29:15'),
(58, 'José Humberto dos Santos', 3, '2025-03-07 19:29:15', '2025-03-07 19:29:15'),
(59, 'DeboraMaria Martins da Silva dos Santos', 4, '2025-03-07 19:29:15', '2025-03-07 19:29:15'),
(60, 'Edinei Cristian Berlanino Carias dos Santos', 1, '2025-03-07 19:29:15', '2025-03-07 19:29:15'),
(61, 'Rafael Rodrigues Gomes', 4, '2025-03-07 19:29:15', '2025-03-07 19:29:15'),
(62, 'Washington Robson de Carvalho', 4, '2025-03-07 19:29:15', '2025-03-07 19:29:15'),
(63, 'Marcelo Dias Cordeiro', 5, '2025-03-07 19:29:15', '2025-03-07 19:29:15'),
(64, 'Rogerio de França Pinto', 5, '2025-03-07 19:29:15', '2025-03-07 19:29:15'),
(65, 'Luciana Pongilio Bassani Zagnollo', 5, '2025-03-07 19:29:15', '2025-03-07 19:29:15'),
(66, 'Mariana Andrade Fernandes Francisco', 5, '2025-03-07 19:29:15', '2025-03-07 19:29:15'),
(67, 'Leonice Bosio', 5, '2025-03-07 19:29:15', '2025-03-07 19:29:15'),
(68, 'Carlos Eduardo Benzius Gibin', 5, '2025-03-07 19:29:15', '2025-03-07 19:29:15'),
(69, 'Geni Gomes Ribeiro de Lima', 5, '2025-03-07 19:29:15', '2025-03-07 19:29:15'),
(70, 'Jaqueline Vilerá De Oliveira', 5, '2025-03-07 19:29:15', '2025-03-07 19:29:15'),
(71, 'Fernando Maita Ferreira', 5, '2025-03-07 19:29:15', '2025-03-07 19:29:15'),
(72, 'David Alves de Godoy', 5, '2025-03-07 19:29:15', '2025-03-07 19:29:15'),
(73, 'Fabiana Palazzi Larangeira L Tavolari', 5, '2025-03-07 19:29:15', '2025-03-07 19:29:15'),
(74, 'Caroline Cavalcante dos Santos', 5, '2025-03-07 19:29:15', '2025-03-07 19:29:15'),
(75, 'Danilo Jose Octaviani', 5, '2025-03-07 19:29:15', '2025-03-07 19:29:15'),
(76, 'Katia Braga dos Santos Sandim', 5, '2025-03-07 19:29:15', '2025-03-07 19:29:15'),
(77, '', 5, '2025-03-07 19:29:15', '2025-03-07 19:29:15'),
(78, '', 5, '2025-03-07 19:29:15', '2025-03-07 19:29:15'),
(79, '', 5, '2025-03-07 19:29:15', '2025-03-07 19:29:15'),
(80, '', 5, '2025-03-07 19:29:15', '2025-03-07 19:29:15'),
(81, '', 5, '2025-03-07 19:29:15', '2025-03-07 19:29:15'),
(82, '', 5, '2025-03-07 19:29:15', '2025-03-07 19:29:15'),
(83, '', 5, '2025-03-07 19:29:15', '2025-03-07 19:29:15'),
(84, '', 5, '2025-03-07 19:29:15', '2025-03-07 19:29:15'),
(85, '', 5, '2025-03-07 19:29:15', '2025-03-07 19:29:15'),
(86, '', 5, '2025-03-07 19:29:15', '2025-03-07 19:29:15'),
(87, '', 5, '2025-03-07 19:29:15', '2025-03-07 19:29:15'),
(88, '', 5, '2025-03-07 19:29:15', '2025-03-07 19:29:15'),
(89, '', 5, '2025-03-07 19:29:15', '2025-03-07 19:29:15'),
(90, '', 5, '2025-03-07 19:29:15', '2025-03-07 19:29:15'),
(91, '', 5, '2025-03-07 19:29:15', '2025-03-07 19:29:15'),
(92, '', 5, '2025-03-07 19:29:15', '2025-03-07 19:29:15'),
(93, 'Allan Morgado de Nolla', 4, '2025-03-07 19:29:15', '2025-03-07 19:29:15');

-- --------------------------------------------------------

--
-- Estrutura da tabela `users`
--

CREATE TABLE `users` (
  `id` int NOT NULL,
  `name` varchar(255) NOT NULL,
  `is_company` tinyint(1) DEFAULT '0',
  `created_at` timestamp NULL DEFAULT CURRENT_TIMESTAMP,
  `updated_at` timestamp NULL DEFAULT CURRENT_TIMESTAMP ON UPDATE CURRENT_TIMESTAMP
) ENGINE=InnoDB DEFAULT CHARSET=utf8mb4 COLLATE=utf8mb4_0900_ai_ci;

--
-- Extraindo dados da tabela `users`
--

INSERT INTO `users` (`id`, `name`, `is_company`, `created_at`, `updated_at`) VALUES
(1, 'LYONFIBER', 1, '2025-03-07 19:29:15', '2025-03-07 19:29:15'),
(2, 'LIVE CONECT TELECOMUNICACOES', 1, '2025-03-07 19:29:15', '2025-03-07 19:29:15'),
(3, 'IDEAL FIBER', 1, '2025-03-07 19:29:15', '2025-03-07 19:29:15'),
(4, 'FALCONET', 1, '2025-03-07 19:29:15', '2025-03-07 19:29:15'),
(5, 'ERICK TELECOM', 1, '2025-03-07 19:29:15', '2025-03-07 19:29:15'),
(6, 'Camila Pereira de Mariz', 0, '2025-03-07 19:29:15', '2025-03-07 19:29:15'),
(7, 'Odair Jose dos Santos', 0, '2025-03-07 19:29:15', '2025-03-07 19:29:15'),
(8, 'Maico Renan Gonçalves de Araújo da Cunha', 0, '2025-03-07 19:29:15', '2025-03-07 19:29:15'),
(9, 'Maria Julieta dos Santos', 0, '2025-03-07 19:29:15', '2025-03-07 19:29:15'),
(10, 'Vanessa Maria da Rosa', 0, '2025-03-07 19:29:15', '2025-03-07 19:29:15'),
(11, 'Pizzaria e Esfiharia Martins LTDA', 1, '2025-03-07 19:29:15', '2025-03-07 19:29:15'),
(12, 'Guilherme Gomes Zani', 0, '2025-03-07 19:29:15', '2025-03-07 19:29:15'),
(13, 'Ana Paula Alves de Souza', 0, '2025-03-07 19:29:15', '2025-03-07 19:29:15'),
(14, 'eduardo massayoshi', 0, '2025-03-07 19:29:15', '2025-03-07 19:29:15'),
(15, 'André Bernardo de Oliveira', 0, '2025-03-07 19:29:15', '2025-03-07 19:29:15'),
(16, 'Ramony Kally Venâncio de Souza', 0, '2025-03-07 19:29:15', '2025-03-07 19:29:15'),
(17, 'Renato Nunes De Souza', 0, '2025-03-07 19:29:15', '2025-03-07 19:29:15'),
(18, 'Edgar Baptista Ferreira', 0, '2025-03-07 19:29:15', '2025-03-07 19:29:15'),
(19, 'leandro ayres', 0, '2025-03-07 19:29:15', '2025-03-07 19:29:15'),
(20, 'Ludrut Tech Ltda', 1, '2025-03-07 19:29:15', '2025-03-07 19:29:15'),
(21, 'Claudia Kazumi Kobayashi', 0, '2025-03-07 19:29:15', '2025-03-07 19:29:15'),
(22, 'Maria Rafaela Silva Santos', 0, '2025-03-07 19:29:15', '2025-03-07 19:29:15'),
(23, 'Aurelio de Oliveria Zuliano', 0, '2025-03-07 19:29:15', '2025-03-07 19:29:15'),
(24, 'Cíntia Noêmia de Queiroz de Paula', 0, '2025-03-07 19:29:15', '2025-03-07 19:29:15'),
(25, 'Nayara Alves de Padua Ramos', 0, '2025-03-07 19:29:15', '2025-03-07 19:29:15'),
(26, 'Edilson de Souza', 0, '2025-03-07 19:29:15', '2025-03-07 19:29:15'),
(27, 'Geilson da Costa', 0, '2025-03-07 19:29:15', '2025-03-07 19:29:15'),
(28, 'Instituto Rogerio Banks de Reabilitação', 1, '2025-03-07 19:29:15', '2025-03-07 19:29:15'),
(29, 'adalberto yamundo', 0, '2025-03-07 19:29:15', '2025-03-07 19:29:15'),
(30, 'ricardo Secario', 0, '2025-03-07 19:29:15', '2025-03-07 19:29:15'),
(31, 'Marcos Norberto', 0, '2025-03-07 19:29:15', '2025-03-07 19:29:15'),
(32, 'Marcelo Aparecido Andrade Miranda', 0, '2025-03-07 19:29:15', '2025-03-07 19:29:15'),
(33, 'Jefferson Ferreira da Silva', 0, '2025-03-07 19:29:15', '2025-03-07 19:29:15'),
(34, 'Patricia Turato de Oliveira', 0, '2025-03-07 19:29:15', '2025-03-07 19:29:15'),
(35, 'Maria Passos dos Reis', 0, '2025-03-07 19:29:15', '2025-03-07 19:29:15'),
(36, 'Israel de Almeida', 0, '2025-03-07 19:29:15', '2025-03-07 19:29:15'),
(37, 'Jurandi Govea da Silva', 0, '2025-03-07 19:29:15', '2025-03-07 19:29:15'),
(38, 'Cáritas Regional de Suzano', 0, '2025-03-07 19:29:15', '2025-03-07 19:29:15'),
(39, 'Fábio Antônio de Moraes', 0, '2025-03-07 19:29:15', '2025-03-07 19:29:15'),
(40, 'Albimaer Zuza Batista', 0, '2025-03-07 19:29:15', '2025-03-07 19:29:15'),
(41, 'Cáritas Regional de Suzano unidade 2 Buenos Aires', 0, '2025-03-07 19:29:15', '2025-03-07 19:29:15'),
(42, 'timetope olumide abidakun', 0, '2025-03-07 19:29:15', '2025-03-07 19:29:15'),
(43, 'Winnie Souza Costa Agostinho', 0, '2025-03-07 19:29:15', '2025-03-07 19:29:15'),
(44, 'Bruna dos Santos Conceição', 0, '2025-03-07 19:29:15', '2025-03-07 19:29:15'),
(45, 'Ana Paula Ribeiro', 0, '2025-03-07 19:29:15', '2025-03-07 19:29:15'),
(46, 'Regiane Abreu Faria', 0, '2025-03-07 19:29:15', '2025-03-07 19:29:15'),
(47, 'Matheus Lyon da Silva Goularte Maia Garcia', 0, '2025-03-07 19:29:15', '2025-03-07 19:29:15'),
(48, 'Maria Auxiliadora da Silva Araújo', 0, '2025-03-07 19:29:15', '2025-03-07 19:29:15'),
(49, 'Fortunato Alves Feitoza da Costa', 0, '2025-03-07 19:29:15', '2025-03-07 19:29:15'),
(50, 'Silvera de Souza Santos', 0, '2025-03-07 19:29:15', '2025-03-07 19:29:15'),
(51, 'Guilherme Carlos Alves de Miranda', 0, '2025-03-07 19:29:15', '2025-03-07 19:29:15'),
(52, 'bianca aparecida correa (LYON FIBER)', 0, '2025-03-07 19:29:15', '2025-03-07 19:29:15'),
(53, 'Maria das Dores Pereira da Silva (provissoria)', 0, '2025-03-07 19:29:15', '2025-03-07 19:29:15'),
(54, 'Erika Suellen Goes (LYON FIBER)', 0, '2025-03-07 19:29:15', '2025-03-07 19:29:15'),
(55, 'Gilmar', 0, '2025-03-07 19:29:15', '2025-03-07 19:29:15'),
(56, 'Alexandre Aguiar de Mattos', 0, '2025-03-07 19:29:15', '2025-03-07 19:29:15'),
(57, 'Ivomar Andrade (LYON FIBER)', 0, '2025-03-07 19:29:15', '2025-03-07 19:29:15'),
(58, 'Humberto Yago de Almeida -  (Ceara Baterias Suzano Ltda )', 1, '2025-03-07 19:29:15', '2025-03-07 19:29:15'),
(59, 'iara dias vicente (LYON FIBER)', 0, '2025-03-07 19:29:15', '2025-03-07 19:29:15'),
(60, 'Maria Fama de Oliverira (LYON FIBER)', 0, '2025-03-07 19:29:15', '2025-03-07 19:29:15'),
(61, 'Ednaldo Ferreira (LYON FIBER)', 0, '2025-03-07 19:29:15', '2025-03-07 19:29:15'),
(62, 'IDEL FIBER (Shirley Pimentel dos Santos)', 0, '2025-03-07 19:29:15', '2025-03-07 19:29:15'),
(63, 'João Luiz de Camargo', 0, '2025-03-07 19:29:15', '2025-03-07 19:29:15'),
(64, 'João Vitor Silva', 0, '2025-03-07 19:29:15', '2025-03-07 19:29:15'),
(65, 'Neide Maria Pereira de Souza', 0, '2025-03-07 19:29:15', '2025-03-07 19:29:15'),
(66, 'J.M Holandas Drogaria Eireli - Graciane Pereira Gonzaga', 1, '2025-03-07 19:29:15', '2025-03-07 19:29:15'),
(67, 'Rogério da Conceição', 0, '2025-03-07 19:29:15', '2025-03-07 19:29:15'),
(68, 'Francisco Pereira dos Santos', 0, '2025-03-07 19:29:15', '2025-03-07 19:29:15'),
(69, 'Jefferson Costa da Silva Viana', 0, '2025-03-07 19:29:15', '2025-03-07 19:29:15'),
(70, 'Jhonatan Guilherme Carvalho da Silva', 0, '2025-03-07 19:29:15', '2025-03-07 19:29:15'),
(71, 'Jessica Cristina Honorato dos Santos (LYON FIBER)', 0, '2025-03-07 19:29:15', '2025-03-07 19:29:15'),
(72, 'Vilarino de Oliveira Pereira', 0, '2025-03-07 19:29:15', '2025-03-07 19:29:15'),
(73, 'Flavio Makoto Aya', 0, '2025-03-07 19:29:15', '2025-03-07 19:29:15'),
(74, 'José Bezerra Alves Neto', 0, '2025-03-07 19:29:15', '2025-03-07 19:29:15'),
(75, 'José Galdino da Costa', 0, '2025-03-07 19:29:15', '2025-03-07 19:29:15'),
(76, 'Manoel Vitor de Oliveira (LYON FIBER)', 0, '2025-03-07 19:29:15', '2025-03-07 19:29:15'),
(77, 'Emerson Pinheiro Martins', 0, '2025-03-07 19:29:15', '2025-03-07 19:29:15'),
(78, 'Gilmar (CASA 146)', 0, '2025-03-07 19:29:15', '2025-03-07 19:29:15'),
(79, 'Número não consta no contrato coma TIP', 0, '2025-03-07 19:29:15', '2025-03-07 19:29:15'),
(80, 'Rafael Henne', 0, '2025-03-07 19:29:15', '2025-03-07 19:29:15'),
(81, 'Leonildo Alves de Farias', 0, '2025-03-07 19:29:15', '2025-03-07 19:29:15'),
(82, 'Edson Favero', 0, '2025-03-07 19:29:15', '2025-03-07 19:29:15'),
(83, 'Laudicea Maria Borges da Silva', 0, '2025-03-07 19:29:15', '2025-03-07 19:29:15'),
(84, 'Carlos Eduardo Rodrigues Ferreira Cizzoto', 0, '2025-03-07 19:29:15', '2025-03-07 19:29:15');

--
-- Índices para tabelas despejadas
--

--
-- Índices para tabela `phone_numbers`
--
ALTER TABLE `phone_numbers`
  ADD PRIMARY KEY (`id`),
  ADD UNIQUE KEY `unique_number` (`number`),
  ADD KEY `idx_phone_user` (`user_id`),
  ADD KEY `idx_phone_subclient` (`sub_client_id`);

--
-- Índices para tabela `sub_clients`
--
ALTER TABLE `sub_clients`
  ADD PRIMARY KEY (`id`),
  ADD KEY `idx_subclient_company` (`company_id`);

--
-- Índices para tabela `users`
--
ALTER TABLE `users`
  ADD PRIMARY KEY (`id`),
  ADD KEY `idx_user_company` (`is_company`);

--
-- AUTO_INCREMENT de tabelas despejadas
--

--
-- AUTO_INCREMENT de tabela `phone_numbers`
--
ALTER TABLE `phone_numbers`
  MODIFY `id` int NOT NULL AUTO_INCREMENT, AUTO_INCREMENT=176;

--
-- AUTO_INCREMENT de tabela `sub_clients`
--
ALTER TABLE `sub_clients`
  MODIFY `id` int NOT NULL AUTO_INCREMENT, AUTO_INCREMENT=94;

--
-- AUTO_INCREMENT de tabela `users`
--
ALTER TABLE `users`
  MODIFY `id` int NOT NULL AUTO_INCREMENT, AUTO_INCREMENT=85;

--
-- Restrições para despejos de tabelas
--

--
-- Limitadores para a tabela `phone_numbers`
--
ALTER TABLE `phone_numbers`
  ADD CONSTRAINT `phone_numbers_ibfk_1` FOREIGN KEY (`user_id`) REFERENCES `users` (`id`),
  ADD CONSTRAINT `phone_numbers_ibfk_2` FOREIGN KEY (`sub_client_id`) REFERENCES `sub_clients` (`id`);

--
-- Limitadores para a tabela `sub_clients`
--
ALTER TABLE `sub_clients`
  ADD CONSTRAINT `sub_clients_ibfk_1` FOREIGN KEY (`company_id`) REFERENCES `users` (`id`);
COMMIT;

/*!40101 SET CHARACTER_SET_CLIENT=@OLD_CHARACTER_SET_CLIENT */;
/*!40101 SET CHARACTER_SET_RESULTS=@OLD_CHARACTER_SET_RESULTS */;
/*!40101 SET COLLATION_CONNECTION=@OLD_COLLATION_CONNECTION */;
